Test,Average,Variance,Std. Dev.
Stehekin,1.6274658155441284,0.025011352886870054,0.15814977991407403
