Test,Average,Variance,Std. Dev.
Stehekin,0.8757332181930542,0.00026570685892690995,0.016300517136793848
