Test,Average,Variance,Std. Dev.
Stehekin,1.002166175842285,8.164200585155175e-05,0.00903559659632676
